{
    "appTitle": "Music Player",
    "songs": [
        {
            "title": "FTW",
            "filePath": "media/ftw.mp3",
            "artist": "Monstercat"
        },
        {
            "title": "Baldur's Game 3 Main Theme",
            "filePath": "media/baldurs.mp3",
            "artist": "Larian Studios"
        },
        {
            "title": "Becoming Insane",
            "filePath": "media/insane.mp3",
            "artist": "Infected Mushroom"
        },
        
        {
            "title": "Opus",
            "filePath": "media/opus.mp3",
            "artist": "Eric Prydz"
        },
        {
            "title": "Red Lips",
            "filePath": "media/red-lips.mp3",
            "artist": "Skrillex"
        }
       
    ],
    "defaultParticleControls": {
        "colorLoudest": false,
        "bassDropEffect": false,
        "angularVelocity": 0.01,
        "friction": 0.995,
        "alphaFadePerFrame": 0.002,
        "radiusGrowthPerFrame": 0.05,
        "speedMultiplier": 1,
        "frequencyResponsiveness": 1,
        "baseRadius": 10,
        "baseSpeed": 2.5,
        "circularizationFactor" : 3
    }

}